Suprafata_mp,Nr_Camere,An_Constructie,Distanta_Centru_km,Are_Parcare,Pret_Euro
142,4,1983,17.0,1,230400.0
219,6,2004,16.2,0,343103.0
132,4,1994,5.0,0,238333.0
54,2,2007,22.2,1,107551.0
146,4,1965,11.3,0,199762.0
111,3,1978,4.9,1,190602.0
228,6,1989,1.3,0,386914.0
60,2,1966,14.4,0,91077.0
142,4,1969,13.7,1,211164.0
161,5,2000,18.3,0,230912.0
114,3,1991,22.4,1,160858.0
242,6,1993,2.9,1,391274.0
127,4,2022,18.6,1,201053.0
156,4,1987,5.5,1,256488.0
139,4,2019,21.6,1,221380.0
143,4,1974,20.7,1,209506.0
191,5,1989,14.0,0,294154.0
170,5,1996,18.0,1,260383.0
189,5,1988,8.5,1,308131.0
92,3,1981,12.3,1,156314.0
41,1,1963,20.7,1,28550.0
127,4,1979,12.0,0,203357.0
197,6,1991,9.6,1,340557.0
77,2,1995,12.9,1,131840.0
169,5,2009,20.9,0,245924.0
231,6,1963,9.0,1,375607.0
227,6,1986,5.2,1,376698.0
60,2,2023,18.1,1,124638.0
200,6,1976,20.8,1,291434.0
243,6,1971,3.4,1,416237.0
97,3,1981,6.8,0,167089.0
61,2,1976,4.4,1,131654.0
128,4,1969,9.4,0,200819.0
88,3,2013,11.8,1,162618.0
98,3,1960,19.0,1,129012.0
209,6,1981,16.6,0,313762.0
227,6,1985,15.9,0,337261.0
247,6,2015,9.5,1,400726.0
54,2,2018,21.2,0,105290.0
229,6,1977,12.3,1,369660.0
229,6,2009,24.5,0,332105.0
214,6,1973,16.2,0,304969.0
229,6,2023,4.0,1,408608.0
90,3,2006,17.2,1,160740.0
147,4,1988,8.8,1,225898.0
94,3,1971,17.5,0,149269.0
103,3,1995,2.7,1,194343.0
170,5,2018,5.2,1,311784.0
90,3,1994,21.5,1,136974.0
174,5,2011,6.5,1,334431.0
60,2,2020,21.1,1,107220.0
112,3,1971,7.7,1,209406.0
206,6,1966,16.4,0,296408.0
57,2,1988,17.7,1,81608.0
171,5,1970,13.3,0,250857.0
128,4,1992,8.3,1,223959.0
99,3,1965,6.1,0,143232.0
53,2,2006,1.8,1,141901.0
48,1,1974,8.3,1,94928.0
129,4,1991,16.7,0,197087.0
92,3,2010,23.5,0,131522.0
169,5,1970,21.9,0,216914.0
123,4,2017,19.4,1,214456.0
131,4,1982,19.9,1,187400.0
150,4,1985,17.0,0,180405.0
227,6,1993,7.2,1,378727.0
238,6,2005,22.8,0,340419.0
211,6,1993,17.1,1,333142.0
47,1,1988,14.5,1,110160.0
214,6,1963,3.7,0,357974.0
74,2,1976,11.7,1,124295.0
245,6,1994,12.0,0,367860.0
120,3,1972,21.7,0,159842.0
203,6,2000,14.1,0,308758.0
89,3,1998,10.1,0,155677.0
143,4,1974,24.4,1,188862.0
171,5,2014,3.7,1,317765.0
41,1,1988,11.1,1,75703.0
173,5,1988,2.0,0,305490.0
93,3,1970,18.8,0,111526.0
145,4,2011,23.0,1,233449.0
43,1,1991,7.7,1,83621.0
93,3,1961,21.6,0,115474.0
230,6,2006,8.0,1,375970.0
185,5,1973,22.9,1,266288.0
83,2,1979,19.1,1,135441.0
201,6,1981,20.3,1,295906.0
241,6,1970,1.4,0,371570.0
229,6,1986,24.1,0,324793.0
53,2,1962,18.4,1,59508.0
134,4,1976,8.3,0,204964.0
87,2,2021,20.9,1,153022.0
54,2,2003,7.8,1,138737.0
239,6,2015,21.9,0,356953.0
245,6,1987,3.7,1,409719.0
229,6,1988,17.9,0,344429.0
79,2,1980,14.0,1,131163.0
247,6,2006,3.3,1,432434.0
121,3,1975,6.8,1,221429.0
150,4,1996,1.3,1,274423.0
92,3,2018,12.3,1,137874.0
63,2,1979,8.2,1,110509.0
193,6,1965,15.4,1,303603.0
227,6,1978,8.1,0,350561.0
163,5,2016,8.2,0,273535.0
80,2,1964,18.8,0,109310.0
196,6,1962,2.2,0,308596.0
54,2,2018,22.7,1,69016.0
84,2,1960,21.5,1,89301.0
104,3,2017,17.0,1,187655.0
128,4,2019,15.2,0,208504.0
110,3,1997,22.4,1,183618.0
48,1,1974,5.4,0,77981.0
127,4,1993,2.9,1,234348.0
168,5,2020,6.7,1,295515.0
175,5,1994,20.1,0,246478.0
102,3,2023,1.8,0,183517.0
178,5,2008,15.0,0,273703.0
120,3,1984,24.9,1,166551.0
175,5,1983,21.5,1,255822.0
202,6,1971,13.5,1,336608.0
202,6,1977,2.5,0,348883.0
72,2,1974,21.0,1,90007.0
162,5,2003,15.4,1,240834.0
44,1,1975,3.8,1,99414.0
80,2,1986,3.3,0,151987.0
67,2,1967,22.8,0,57297.0
174,5,2019,17.1,1,279016.0
240,6,2005,20.9,0,373733.0
111,3,1984,22.1,0,142571.0
51,1,1976,14.7,0,77241.0
201,6,1988,13.4,1,308590.0
72,2,2012,11.3,1,145191.0
87,2,1967,8.6,1,144147.0
190,5,1974,11.4,1,291720.0
101,3,1986,19.6,1,167031.0
76,2,2005,15.4,0,105718.0
138,4,2009,22.4,1,218949.0
211,6,2011,11.6,0,333736.0
143,4,1966,15.6,1,219153.0
74,2,1962,16.2,0,87723.0
232,6,1988,15.2,0,357204.0
140,4,2023,17.9,0,211866.0
214,6,2003,6.7,0,363945.0
245,6,2012,13.3,0,385113.0
170,5,1983,3.5,0,264104.0
40,1,2019,10.2,1,112992.0
44,1,2017,12.7,1,101054.0
181,5,1962,16.7,1,245572.0
142,4,1979,23.8,1,203858.0
66,2,2005,15.4,1,134540.0
176,5,1974,18.8,1,275670.0
246,6,1984,13.2,1,380984.0
54,2,1989,16.2,0,79598.0
129,4,1973,2.7,0,215151.0
81,2,1966,7.1,1,160214.0
163,5,1976,9.7,1,255163.0
244,6,2021,12.3,1,401174.0
218,6,2003,2.1,0,357544.0
102,3,1979,4.4,0,156109.0
135,4,1995,7.6,1,242365.0
91,3,1968,24.3,0,119724.0
135,4,1997,9.0,1,234937.0
171,5,2007,12.6,1,277695.0
190,5,2016,5.7,1,341576.0
182,5,2019,15.7,1,311323.0
210,6,2022,7.7,1,365983.0
68,2,1981,6.0,1,151523.0
75,2,2013,13.4,1,136057.0
52,1,2012,1.1,1,137926.0
199,6,2012,1.2,0,350292.0
110,3,1961,6.3,0,174671.0
226,6,1983,1.9,0,368663.0
125,4,1967,3.6,1,202377.0
67,2,1970,9.1,1,146724.0
105,3,2023,20.3,1,176813.0
209,6,1972,14.7,0,305200.0
84,2,1976,13.3,0,129741.0
101,3,1967,8.0,1,162953.0
224,6,1980,23.4,0,310278.0
173,5,1977,10.5,1,270253.0
67,2,1989,3.1,1,150161.0
67,2,2023,15.8,1,130464.0
147,4,1977,3.7,0,244594.0
83,2,2005,9.3,0,135728.0
123,4,2006,13.2,0,189208.0
69,2,1990,22.0,1,85165.0
229,6,1997,12.8,1,360061.0
114,3,1991,17.9,0,134082.0
167,5,1970,24.8,1,225746.0
131,4,2004,4.2,1,241100.0
229,6,1984,7.6,0,360727.0
168,5,1992,10.5,1,280561.0
160,5,2019,11.1,1,297675.0
66,2,1997,10.9,0,145170.0
229,6,2000,22.8,0,344194.0
160,5,1967,18.1,1,228421.0
155,4,1970,15.6,1,228605.0
244,6,1981,8.4,1,402962.0
42,1,2010,20.8,1,55872.0
142,4,1983,23.9,1,198214.0
237,6,2000,20.7,0,344870.0
239,6,1976,1.0,1,407516.0
194,6,1971,16.3,1,299282.0
176,5,2016,2.2,0,303097.0
101,3,2005,7.2,1,190571.0
204,6,1991,2.4,1,358870.0
90,3,1974,15.5,0,115085.0
211,6,1975,17.5,1,331278.0
191,5,2013,3.7,0,336241.0
246,6,1981,10.2,0,378128.0
98,3,1987,11.9,0,158017.0
157,4,1979,9.9,1,251654.0
199,6,1992,3.9,1,335423.0
135,4,1969,11.1,0,195166.0
219,6,1999,19.0,1,345329.0
152,4,1991,2.7,0,262252.0
101,3,2009,2.9,1,203517.0
225,6,2019,9.5,1,393109.0
91,3,1992,23.6,1,129609.0
51,1,1961,17.0,1,61166.0
78,2,1992,17.3,0,116032.0
169,5,1992,9.7,0,256328.0
170,5,2000,15.2,1,255634.0
152,4,1972,1.2,1,267031.0
140,4,1989,16.3,0,198845.0
152,4,1992,22.9,0,206853.0
223,6,1972,15.7,0,310845.0
120,3,2011,22.0,1,205185.0
226,6,1985,18.4,0,320124.0
152,4,1981,3.9,1,260683.0
41,1,1998,22.7,1,67187.0
169,5,1961,2.6,1,266094.0
93,3,1997,13.8,0,129755.0
126,4,1998,4.4,1,240343.0
168,5,1985,1.3,0,278458.0
186,5,2005,11.1,1,302360.0
165,5,2017,8.1,1,303738.0
169,5,2009,12.7,0,261497.0
92,3,1974,14.9,1,140974.0
211,6,1993,2.0,1,355422.0
199,6,2001,4.0,1,351861.0
237,6,2014,14.4,0,387866.0
199,6,2003,9.2,1,313877.0
107,3,2008,18.5,1,179401.0
222,6,1999,16.7,1,360042.0
242,6,1970,21.3,1,345706.0
223,6,2020,17.6,0,332878.0
162,5,1962,11.3,1,255956.0
184,5,2018,17.2,1,314942.0
77,2,1965,7.6,1,145163.0
63,2,1968,8.4,1,117812.0
108,3,1965,19.9,0,136336.0
155,4,1968,11.7,0,217227.0
137,4,1998,20.2,0,208280.0
237,6,1990,20.7,0,351374.0
178,5,1991,21.6,1,252990.0
183,5,2000,23.0,0,265376.0
136,4,2009,11.3,0,232875.0
240,6,1971,8.7,1,390553.0
163,5,1967,15.0,1,245368.0
226,6,1967,9.9,1,343139.0
109,3,2009,15.4,1,183310.0
247,6,1987,17.9,0,349778.0
132,4,2021,17.5,1,225183.0
42,1,1979,10.0,1,81464.0
187,5,2021,5.0,0,350329.0
226,6,2006,11.3,1,384004.0
203,6,2018,4.4,1,374879.0
186,5,2022,22.4,0,285950.0
129,4,1966,9.3,0,189440.0
234,6,1970,4.7,0,361928.0
186,5,1979,1.6,0,304167.0
187,5,1975,16.5,1,285509.0
135,4,1963,16.3,1,203256.0
238,6,1965,9.2,0,357072.0
91,3,2017,2.7,1,195410.0
200,6,1981,10.8,1,313393.0
207,6,1985,8.5,1,322615.0
167,5,2022,17.3,1,294973.0
78,2,1962,15.5,0,125820.0
121,3,2022,9.8,1,243716.0
143,4,2000,6.2,1,242818.0
168,5,2019,24.7,1,270062.0
50,1,2001,11.9,1,117145.0
224,6,1973,17.5,0,315162.0
217,6,1970,4.4,1,361434.0
190,5,1977,12.7,0,278089.0
198,6,2013,1.7,1,377995.0
81,2,1971,13.1,1,134657.0
138,4,1982,24.1,0,168853.0
46,1,1971,10.2,1,93085.0
183,5,1972,1.9,0,309566.0
129,4,1984,1.7,1,240920.0
151,4,2004,10.3,1,267874.0
99,3,2010,4.8,1,200561.0
152,4,2017,1.6,1,279688.0
41,1,1978,19.1,1,57606.0
168,5,2014,12.0,1,295665.0
87,2,2005,7.9,1,171109.0
179,5,1995,22.6,1,277604.0
236,6,2004,3.8,0,386225.0
76,2,1967,23.9,1,89426.0
199,6,1988,8.5,0,323935.0
48,1,2014,22.3,1,86258.0
138,4,2012,15.5,0,214583.0
186,5,2014,20.8,0,291703.0
87,2,1991,24.6,1,114294.0
247,6,2010,7.9,1,406972.0
170,5,2003,24.1,0,206678.0
187,5,1977,10.3,0,278183.0
191,5,1965,10.3,1,314574.0
93,3,1977,9.2,1,136909.0
159,5,1978,14.0,0,222893.0
200,6,1981,4.7,0,326120.0
191,5,1996,14.3,1,280439.0
155,4,1991,14.0,0,229969.0
114,3,2015,19.3,1,204476.0
152,4,2000,21.0,1,258997.0
239,6,2018,11.6,1,402856.0
203,6,1962,8.3,0,293942.0
205,6,1987,7.2,1,329118.0
143,4,1969,5.7,1,242461.0
123,4,2010,2.4,1,246913.0
151,4,1994,9.2,1,281148.0
138,4,2020,7.5,1,270935.0
192,5,1988,24.2,1,280324.0
132,4,2013,14.4,1,224815.0
185,5,2022,9.3,1,362540.0
167,5,1974,14.9,1,264091.0
149,4,1992,4.3,1,258823.0
121,3,1966,11.7,0,173262.0
233,6,1971,16.0,1,340496.0
93,3,2008,12.7,1,142612.0
202,6,1989,10.6,0,317545.0
247,6,1980,24.9,0,361759.0
228,6,1990,22.1,1,320114.0
208,6,2017,16.0,1,341959.0
200,6,2020,14.7,1,325855.0
107,3,1983,15.9,0,160818.0
72,2,1979,5.8,1,137753.0
181,5,1996,10.5,0,270571.0
60,2,1963,1.9,1,110159.0
87,2,1987,12.4,0,125704.0
187,5,2003,14.0,0,307350.0
167,5,2021,6.5,0,306454.0
175,5,1979,24.1,0,229822.0
174,5,2019,22.8,0,274066.0
234,6,1983,18.3,0,336893.0
184,5,2009,13.8,1,301977.0
167,5,2008,21.9,1,260287.0
72,2,2010,4.1,0,151079.0
215,6,1991,20.0,1,319504.0
243,6,2000,4.0,0,398773.0
226,6,1995,20.1,1,354295.0
154,4,2017,7.6,0,267708.0
158,5,2012,22.1,0,233588.0
61,2,1993,23.7,1,93088.0
197,6,2023,4.6,1,364873.0
77,2,1995,12.1,1,140488.0
148,4,1961,24.5,1,190551.0
90,3,1974,12.6,1,149166.0
221,6,1993,21.7,0,297860.0
47,1,1995,15.1,0,71152.0
66,2,1965,10.0,0,67321.0
66,2,1998,7.9,0,102043.0
60,2,2001,5.9,1,112992.0
69,2,2010,19.3,1,132860.0
136,4,2010,10.3,0,228475.0
67,2,2017,13.3,1,121379.0
150,4,2013,12.8,1,265653.0
231,6,2020,14.9,0,377227.0
236,6,1971,21.8,0,332267.0
100,3,1962,24.5,0,107591.0
87,2,2004,10.8,0,152735.0
186,5,1977,20.9,0,267867.0
43,1,1999,19.3,1,68897.0
74,2,1980,14.8,0,106447.0
231,6,1974,23.9,0,311951.0
88,3,1992,5.8,1,152311.0
56,2,1994,3.6,1,141343.0
211,6,1985,21.5,1,337450.0
197,6,1967,11.5,0,280365.0
85,2,1995,21.3,0,126734.0
156,4,2007,22.4,1,231011.0
45,1,1989,2.5,0,100246.0
138,4,1982,22.2,0,202788.0
163,5,2001,11.8,1,268456.0
76,2,2003,13.3,1,141498.0
63,2,1973,16.0,1,75586.0
132,4,1973,23.2,1,174747.0
85,2,1961,1.5,1,136578.0
220,6,2014,12.4,0,356440.0
134,4,1996,17.5,0,208816.0
138,4,1964,18.3,0,180878.0
227,6,1997,17.6,0,342079.0
155,4,2004,4.2,1,279425.0
230,6,2000,8.2,1,392423.0
199,6,2021,9.6,1,347631.0
200,6,2013,20.3,0,277206.0
106,3,2019,7.7,0,206454.0
167,5,2020,6.1,0,286683.0
57,2,2006,24.0,0,57909.0
64,2,1973,1.2,0,115501.0
93,3,2015,24.9,1,122306.0
97,3,1998,17.2,1,145192.0
106,3,1984,20.9,1,157907.0
143,4,1979,8.1,1,243443.0
213,6,1961,1.3,1,355418.0
63,2,1998,18.7,0,90566.0
153,4,1965,21.0,0,191637.0
71,2,1976,18.8,0,88518.0
214,6,2018,4.4,1,374482.0
125,4,1984,19.1,1,169685.0
190,5,2016,19.5,0,280696.0
233,6,1987,16.8,1,369362.0
166,5,1961,19.4,1,255193.0
194,6,1994,21.3,0,285960.0
169,5,1996,15.7,0,274308.0
56,2,1964,3.1,1,114608.0
143,4,2022,12.7,1,275851.0
200,6,1960,2.9,0,337495.0
176,5,1999,10.8,1,274646.0
82,2,1971,10.8,0,125332.0
215,6,2015,2.6,1,385077.0
78,2,1995,9.4,1,144482.0
209,6,2004,3.7,1,371643.0
65,2,1982,20.4,1,95199.0
138,4,2006,23.7,1,201413.0
89,3,1990,2.7,1,179342.0
192,5,1970,23.9,0,268648.0
191,5,1969,13.5,1,295236.0
52,1,1962,8.2,0,86250.0
99,3,2013,2.8,1,204864.0
174,5,1973,13.0,1,276687.0
96,3,1975,20.1,1,123318.0
75,2,1969,18.0,1,101978.0
212,6,1988,2.2,1,363054.0
59,2,1969,2.7,0,91710.0
104,3,1971,10.7,1,160965.0
47,1,1989,8.1,0,91440.0
183,5,2000,6.6,0,303615.0
181,5,1960,7.7,0,281816.0
243,6,1964,20.3,1,343985.0
154,4,1979,23.3,1,219838.0
182,5,1967,10.7,1,277331.0
131,4,2002,22.7,1,208307.0
137,4,1971,8.7,0,224599.0
105,3,1960,12.4,0,152214.0
71,2,2016,6.4,1,171773.0
230,6,2023,16.4,1,377261.0
125,4,2013,24.5,1,202728.0
90,3,1979,15.5,0,128595.0
192,5,1987,9.6,1,302932.0
225,6,2016,16.5,1,367692.0
102,3,2002,4.0,0,176381.0
229,6,1996,22.3,1,372350.0
164,5,2006,13.1,1,271906.0
189,5,1996,11.8,1,318379.0
97,3,1971,15.1,0,134299.0
97,3,1996,16.0,1,147310.0
125,4,2008,2.7,0,206711.0
88,3,2008,17.4,0,146331.0
219,6,2015,6.8,1,398076.0
209,6,2003,18.1,1,320145.0
109,3,2015,20.7,0,144768.0
54,2,1987,20.3,1,77561.0
93,3,2006,14.3,1,155205.0
227,6,1974,13.5,1,342386.0
140,4,1965,4.4,1,244252.0
47,1,2003,19.6,1,81674.0
92,3,2018,7.5,1,179061.0
99,3,2020,12.9,0,179260.0
147,4,1979,7.8,0,240346.0
44,1,2009,4.2,1,115826.0
142,4,1973,16.1,1,217182.0
235,6,1961,2.3,1,388586.0
45,1,1968,19.0,0,49995.0
148,4,2022,8.6,0,258132.0
155,4,1996,1.0,1,303783.0
133,4,1979,13.3,0,204724.0
86,2,1985,2.1,1,168281.0
138,4,1988,7.6,0,219394.0
94,3,1960,18.0,1,124384.0
207,6,2014,2.5,1,379224.0
91,3,1994,21.1,0,116567.0
183,5,1965,1.1,1,304672.0
52,1,1996,6.9,0,114987.0
153,4,2012,18.8,1,251045.0
163,5,2018,8.6,1,307206.0
145,4,1964,3.4,1,255863.0
197,6,1992,9.6,1,311466.0
186,5,2008,7.5,1,322851.0
184,5,2010,21.2,0,284817.0
159,5,1973,8.5,0,230333.0
102,3,1971,19.9,1,149801.0
58,2,2001,22.4,1,90117.0
131,4,1979,11.4,1,193313.0
97,3,2012,22.8,1,156039.0
222,6,2009,10.1,1,362211.0
129,4,1983,24.1,1,167943.0
156,4,2018,3.1,1,296052.0
101,3,2002,17.5,1,144809.0
62,2,2021,12.9,1,124380.0
166,5,1993,10.3,0,293655.0
176,5,1984,16.2,0,265740.0
179,5,2009,17.9,0,262591.0
168,5,1988,1.1,0,302888.0
97,3,2016,5.0,0,174678.0
161,5,1998,18.1,1,247373.0
40,1,1990,17.0,1,56731.0
73,2,2015,24.2,1,120110.0
135,4,2006,19.3,1,233361.0
165,5,2002,23.8,0,221166.0
157,4,2009,17.9,0,215522.0
87,2,1982,8.2,0,156408.0
128,4,2003,3.5,1,262624.0
156,4,1997,19.8,0,202850.0
168,5,1979,16.5,0,247772.0
55,2,1982,2.2,1,128027.0
228,6,2023,9.6,1,381247.0
231,6,2021,24.0,0,326460.0
230,6,2004,13.0,1,385777.0
108,3,2011,11.4,1,201285.0
61,2,1975,12.0,1,108591.0
132,4,2009,6.0,1,239906.0
234,6,2001,9.8,0,361355.0
115,3,2019,9.9,0,173752.0
193,6,2014,2.3,1,348522.0
183,5,1967,19.4,1,282412.0
218,6,2009,11.0,1,353227.0
125,4,1980,20.7,1,164400.0
224,6,1960,21.4,1,322707.0
68,2,2014,6.1,1,161621.0
245,6,1967,16.8,1,357728.0
108,3,1988,12.3,1,178778.0
86,2,1991,22.1,0,115457.0
133,4,1997,6.2,1,239389.0
229,6,1964,17.3,0,334733.0
236,6,2006,15.6,0,391882.0
243,6,1981,8.1,1,371372.0
183,5,2006,4.3,0,326161.0
215,6,1993,16.6,0,321965.0
124,4,1960,18.7,0,175843.0
78,2,2014,8.6,1,171655.0
139,4,2014,16.5,1,235444.0
72,2,1985,10.5,1,140912.0
140,4,2002,18.1,0,205178.0
62,2,1969,5.8,1,109655.0
49,1,1989,22.4,1,79717.0
108,3,2009,7.9,0,181523.0
139,4,1977,9.8,1,236841.0
73,2,1976,2.4,0,133483.0
219,6,1985,3.7,1,341356.0
177,5,1967,13.4,1,264356.0
186,5,2006,7.4,1,327062.0
225,6,1999,21.1,0,323399.0
135,4,2008,1.4,1,232358.0
40,1,1971,10.1,1,92203.0
108,3,1986,9.1,1,191892.0
43,1,1967,1.5,1,105365.0
55,2,1984,4.0,0,101259.0
63,2,2005,10.9,0,120559.0
119,3,1963,12.8,1,205246.0
41,1,1992,10.7,1,80122.0
167,5,1960,13.7,1,271148.0
199,6,1978,15.3,0,295875.0
123,4,1990,1.2,1,223971.0
191,5,1975,12.1,0,311703.0
179,5,1973,24.1,1,255690.0
217,6,2012,13.5,1,366176.0
202,6,2007,17.3,1,319815.0
163,5,1964,8.5,0,236132.0
72,2,2000,19.6,1,120074.0
200,6,1985,19.6,0,305102.0
228,6,2021,13.5,0,361106.0
218,6,1987,24.4,1,316818.0
210,6,1961,4.0,1,358043.0
140,4,2009,1.4,0,252279.0
51,1,2023,19.5,1,106714.0
106,3,1965,20.4,1,156599.0
104,3,2022,3.9,1,216126.0
200,6,1968,7.4,0,310083.0
207,6,1992,1.4,1,369080.0
113,3,2000,8.0,0,188591.0
82,2,1984,19.6,0,118301.0
83,2,2007,13.4,0,132559.0
68,2,1972,9.4,1,112713.0
180,5,1968,9.9,0,251671.0
51,1,2012,1.0,0,119077.0
134,4,1972,8.2,0,197926.0
85,2,1990,16.5,1,134402.0
169,5,2000,24.4,1,258892.0
74,2,1970,21.3,0,62968.0
120,3,1963,1.6,1,189188.0
129,4,1993,22.6,1,182897.0
47,1,2020,19.8,1,97543.0
132,4,1997,19.7,0,194344.0
193,6,2005,12.0,1,312340.0
241,6,1963,10.6,1,385953.0
129,4,1997,8.3,1,222124.0
201,6,1978,2.6,0,331408.0
154,4,1965,6.5,1,248452.0
144,4,1993,6.9,1,243078.0
174,5,1977,12.6,1,267395.0
235,6,1972,18.9,0,341161.0
97,3,2000,12.4,0,162904.0
153,4,1982,2.4,1,283347.0
114,3,1978,24.0,1,161164.0
196,6,2004,23.6,0,262003.0
159,5,1970,19.8,1,255262.0
203,6,1960,24.8,0,267022.0
60,2,1983,14.1,1,109807.0
203,6,2021,24.1,1,311312.0
177,5,2013,2.8,1,338622.0
140,4,1966,9.8,1,211042.0
240,6,1984,6.4,0,385695.0
191,5,1980,5.7,1,294294.0
231,6,1974,4.4,0,372078.0
216,6,1960,15.9,1,306201.0
138,4,1971,19.8,1,202545.0
75,2,2017,14.9,1,160790.0
249,6,1966,4.5,0,395655.0
135,4,1974,20.5,1,209425.0
191,5,1980,16.3,0,291293.0
190,5,1978,10.3,0,283719.0
229,6,2019,17.2,1,378132.0
76,2,1988,7.2,1,127007.0
51,1,1984,9.3,1,94445.0
152,4,1992,23.0,0,226363.0
222,6,2008,8.0,0,357249.0
52,1,1991,12.3,1,78485.0
62,2,2008,22.4,1,125056.0
138,4,1994,18.0,0,209184.0
144,4,2003,2.5,1,279742.0
69,2,1997,4.5,1,137596.0
56,2,1985,1.2,1,134438.0
152,4,1970,16.1,1,231736.0
101,3,1994,11.7,1,167682.0
123,4,1967,4.2,1,211106.0
151,4,2005,24.0,1,210518.0
125,4,1973,13.7,0,176860.0
180,5,1969,6.8,1,305073.0
226,6,1961,13.0,1,333102.0
58,2,2005,17.3,1,128610.0
216,6,1968,2.8,0,324493.0
139,4,1962,7.6,1,222596.0
179,5,1980,20.4,1,256705.0
228,6,1985,12.0,0,344758.0
186,5,1967,14.1,1,299363.0
115,3,2007,11.4,1,195418.0
48,1,1961,2.1,0,82051.0
238,6,1965,5.0,1,390409.0
67,2,1987,11.7,1,123585.0
245,6,2012,6.0,1,420751.0
167,5,1988,2.2,0,270218.0
91,3,1985,21.2,0,117522.0
122,3,1984,24.5,1,184607.0
150,4,1971,20.0,0,182197.0
183,5,1964,21.5,1,249805.0
156,4,1993,6.8,0,234995.0
108,3,2007,24.1,0,156506.0
138,4,1996,5.7,0,248990.0
179,5,1974,23.8,1,250113.0
64,2,2003,24.9,1,82545.0
219,6,1995,18.1,0,312582.0
162,5,1974,24.5,0,206467.0
92,3,2002,14.7,0,142917.0
190,5,2007,7.2,1,341069.0
183,5,1982,11.5,1,285954.0
96,3,1965,15.2,1,149107.0
78,2,2005,2.8,1,168449.0
148,4,2009,15.9,1,237622.0
220,6,2003,24.5,0,310465.0
81,2,2018,5.6,1,181432.0
225,6,2002,20.0,0,343623.0
206,6,2004,22.8,0,295402.0
181,5,1980,23.6,1,244931.0
161,5,1982,24.0,1,241588.0
172,5,2002,13.5,1,273634.0
202,6,2014,24.5,1,312391.0
114,3,1975,19.2,1,166763.0
185,5,2006,4.9,0,310997.0
115,3,2012,12.4,1,201742.0
48,1,2019,18.2,1,104242.0
113,3,1974,6.9,1,152575.0
225,6,1984,16.4,1,359601.0
184,5,1995,17.0,0,263554.0
46,1,1970,4.9,1,102633.0
213,6,2010,14.6,1,352355.0
180,5,1974,19.5,0,264902.0
207,6,1963,13.0,1,317239.0
209,6,1980,1.3,1,347325.0
176,5,1972,1.2,1,283901.0
217,6,1981,9.6,1,344993.0
66,2,1978,23.2,0,48230.0
161,5,1993,6.5,0,257538.0
233,6,1973,16.2,0,333227.0
44,1,2020,6.3,1,112896.0
68,2,1963,8.7,0,102501.0
204,6,2007,21.4,0,297984.0
205,6,2012,18.5,1,323536.0
122,3,2011,3.3,1,211286.0
175,5,2005,11.3,1,280741.0
148,4,1986,1.7,0,261062.0
104,3,1988,12.5,0,171098.0
125,4,2006,16.9,0,170789.0
184,5,1987,3.8,1,307813.0
110,3,1994,7.9,1,213430.0
84,2,1967,10.5,1,130213.0
171,5,1975,23.1,0,226490.0
75,2,2001,24.8,1,127306.0
109,3,1995,2.1,0,194966.0
198,6,1989,19.3,0,280183.0
58,2,1977,9.9,1,105512.0
228,6,1961,10.4,1,373793.0
147,4,2008,19.1,0,226899.0
221,6,1972,23.0,0,301323.0
206,6,1963,23.8,1,279952.0
130,4,1985,14.9,0,199338.0
241,6,1984,9.6,0,379889.0
129,4,1989,19.9,0,168269.0
58,2,1970,7.0,0,103679.0
78,2,1966,14.5,0,102442.0
165,5,1990,9.6,1,276783.0
234,6,2003,16.8,0,344291.0
212,6,1969,6.8,1,336676.0
180,5,1998,5.6,1,301443.0
165,5,1972,23.0,1,219167.0
97,3,1990,3.4,1,194417.0
187,5,1966,13.1,1,281981.0
239,6,2022,6.3,0,384353.0
100,3,2015,1.9,1,239289.0
166,5,2008,1.9,1,294643.0
144,4,2001,5.2,1,275692.0
206,6,2020,21.8,1,307776.0
40,1,2001,7.8,1,105629.0
170,5,2015,23.8,1,260466.0
244,6,1995,15.0,0,362054.0
131,4,1979,11.5,1,216564.0
229,6,1963,14.9,1,343742.0
230,6,2013,13.4,1,368549.0
152,4,1966,19.2,0,193281.0
192,5,2013,7.8,1,316463.0
95,3,1960,9.5,0,142484.0
200,6,2003,22.5,0,274609.0
205,6,2015,23.7,1,316260.0
156,4,2004,22.4,0,231456.0
173,5,2001,11.1,1,293930.0
97,3,2006,19.7,0,135100.0
83,2,2018,12.4,1,174126.0
212,6,1972,12.9,0,307952.0
199,6,2014,5.9,0,320109.0
212,6,1981,15.2,0,309227.0
100,3,2013,5.5,0,195173.0
86,2,1980,9.0,0,130513.0
188,5,1981,21.5,0,271336.0
119,3,1987,6.0,1,205532.0
157,4,1968,2.7,0,245920.0
242,6,1985,2.7,1,393807.0
203,6,1968,23.6,0,278557.0
186,5,1974,13.2,1,288846.0
59,2,1969,10.8,1,90078.0
224,6,1983,20.5,1,328893.0
185,5,2017,21.1,0,242197.0
86,2,2016,9.0,0,169504.0
88,3,2020,17.6,1,156834.0
53,2,2001,19.5,0,46458.0
182,5,1967,16.7,0,237941.0
198,6,1983,4.6,0,314145.0
40,1,1975,22.0,0,18177.0
156,4,2008,13.9,0,257475.0
93,3,1985,7.8,1,175075.0
157,4,1986,11.2,0,247401.0
42,1,1996,1.9,1,83594.0
183,5,1963,4.1,0,279822.0
224,6,2009,19.4,0,328596.0
242,6,1983,1.0,1,397851.0
51,1,1978,11.0,0,74824.0
113,3,1995,13.5,1,178135.0
55,2,2019,2.3,1,149705.0
239,6,1998,24.4,0,349614.0
141,4,1969,6.4,1,243997.0
243,6,1984,8.3,0,376493.0
191,5,1977,8.3,1,334954.0
195,6,1978,6.5,0,320655.0
156,4,1995,1.0,1,286193.0
47,1,1969,18.5,0,43852.0
161,5,1992,24.2,1,251246.0
131,4,2014,6.4,1,260033.0
203,6,2009,16.9,1,309692.0
129,4,1964,18.8,1,196916.0
175,5,2006,21.4,1,269842.0
225,6,2008,11.1,1,363111.0
99,3,1994,8.3,0,144474.0
217,6,2003,8.8,0,346055.0
67,2,1993,18.1,0,94896.0
140,4,1992,20.6,0,216741.0
80,2,2014,5.4,0,170490.0
231,6,1980,9.9,1,361749.0
194,6,1976,22.6,0,268656.0
230,6,1981,20.4,1,351613.0
184,5,2007,24.6,0,263640.0
240,6,1996,19.1,0,346799.0
200,6,1974,10.4,1,310922.0
244,6,1994,15.2,1,388087.0
196,6,1987,16.9,1,307995.0
180,5,1966,2.9,1,297877.0
85,2,1991,14.1,0,99500.0
74,2,1970,18.0,1,91454.0
173,5,1969,5.0,0,279797.0
121,3,1968,19.7,0,131392.0
154,4,1973,15.0,1,250484.0
236,6,1972,23.9,0,334001.0
86,2,2020,2.0,0,180448.0
192,5,2016,7.4,1,345356.0
233,6,2021,15.4,1,388852.0
49,1,1984,8.1,0,86204.0
95,3,1961,18.1,0,101248.0
69,2,2023,19.2,0,124867.0
148,4,1994,3.5,0,270636.0
44,1,1966,13.3,1,56766.0
158,5,1980,13.2,0,219032.0
72,2,1977,9.9,1,126902.0
157,4,1962,23.4,0,190710.0
104,3,2001,20.9,1,165189.0
185,5,2013,17.7,0,299463.0
216,6,2020,18.1,1,322692.0
50,1,1998,12.1,0,106572.0
124,4,2000,23.1,1,182360.0
65,2,2008,17.7,0,108266.0
102,3,1970,18.5,0,140186.0
125,4,1998,21.7,1,199923.0
98,3,1983,7.6,1,177599.0
66,2,2019,20.4,1,122022.0
216,6,2005,5.7,1,375254.0
244,6,1978,9.3,1,381016.0
200,6,1963,9.1,0,278067.0
137,4,1985,24.5,0,164658.0
144,4,1997,21.6,0,203057.0
138,4,2001,17.8,1,212588.0
168,5,1991,18.4,0,235063.0
188,5,1998,14.5,0,310167.0
94,3,2004,23.7,1,153381.0
45,1,2005,12.9,1,94200.0
248,6,1995,10.1,0,395733.0
236,6,1999,4.9,0,380075.0
134,4,1996,19.9,0,194256.0
172,5,1992,18.6,0,255933.0
141,4,1995,10.2,0,221927.0
42,1,1962,1.6,1,86965.0
220,6,1968,21.1,1,331647.0
62,2,1967,1.3,1,136384.0
92,3,1992,17.9,0,105423.0
204,6,2018,24.3,1,307067.0
241,6,1965,11.5,0,346365.0
241,6,2000,6.6,1,396448.0
122,3,1998,17.9,1,206357.0
184,5,1963,20.6,0,246503.0
124,4,1972,14.1,0,161239.0
117,3,2008,24.2,1,174179.0
240,6,2019,2.2,0,416301.0
149,4,1961,13.1,1,223677.0
40,1,2019,18.2,0,62057.0
90,3,1964,21.7,1,122116.0
212,6,2003,5.3,0,369963.0
244,6,1986,20.2,0,356637.0
43,1,1991,14.3,1,98049.0
229,6,1980,10.5,0,342275.0
232,6,1967,4.2,0,361697.0
152,4,1997,21.8,0,215440.0
71,2,1967,4.8,0,120188.0
73,2,2009,8.4,0,143099.0
131,4,1962,8.0,0,186770.0
134,4,2013,21.9,1,220783.0
111,3,2003,17.1,0,149903.0
78,2,2020,20.1,1,121670.0
193,6,2017,7.0,0,351799.0
201,6,1962,16.0,0,276586.0
221,6,1981,14.7,1,351049.0
157,4,1965,21.0,0,226410.0
42,1,1961,22.7,1,13961.0
162,5,1982,1.3,0,286486.0
89,3,2003,17.2,1,159146.0
51,1,1961,2.2,1,126175.0
232,6,1997,14.2,1,355590.0
93,3,1976,7.9,1,181757.0
172,5,1994,8.4,1,283620.0
96,3,1993,9.5,0,172780.0
184,5,1982,15.9,0,268990.0
151,4,1989,9.0,1,265606.0
86,2,2011,18.6,0,133724.0
190,5,1967,10.7,0,260356.0
246,6,1981,2.6,1,372552.0
124,4,2003,19.8,0,184793.0
181,5,2017,7.9,1,317890.0
105,3,1995,11.4,1,189813.0
114,3,1964,17.5,1,161748.0
218,6,1972,9.0,1,370970.0
142,4,1988,2.4,0,246671.0
205,6,1990,10.0,0,315201.0
231,6,2006,23.7,1,353981.0
77,2,2016,16.4,0,122952.0
89,3,2014,17.1,1,159226.0
137,4,1975,16.2,1,194453.0
121,3,2001,5.8,1,226557.0
69,2,2021,11.0,0,126766.0
118,3,1989,19.0,1,168371.0
130,4,2016,3.4,1,278726.0
218,6,2014,7.7,1,362224.0
230,6,1975,7.6,0,355004.0
91,3,1971,11.4,1,140045.0
205,6,1976,24.5,1,294342.0
118,3,1975,2.6,1,199157.0
69,2,1971,13.4,1,121562.0
145,4,1967,5.3,0,252872.0
90,3,1979,24.3,1,110585.0
120,3,1962,3.7,1,221505.0
172,5,1975,10.7,0,255701.0
68,2,1989,18.7,1,125696.0
171,5,2004,17.9,1,299389.0
177,5,1982,11.1,1,283032.0
223,6,1987,9.3,1,344165.0
184,5,2010,10.5,1,326020.0
113,3,1999,7.3,1,212236.0
56,2,2013,5.9,0,127002.0
123,4,1964,12.6,0,171339.0
108,3,1979,7.4,1,179174.0
73,2,1999,7.9,1,162076.0
45,1,2015,16.8,1,97432.0
92,3,2003,24.2,1,120865.0
233,6,1960,15.5,0,339024.0
244,6,2016,2.8,1,433315.0
165,5,1989,2.8,0,273961.0
82,2,1980,23.8,1,129852.0
242,6,1979,8.1,1,381644.0
154,4,1965,3.2,0,243948.0
150,4,1981,15.4,0,228381.0
190,5,1977,16.0,1,291202.0
222,6,1967,16.6,1,314177.0
119,3,1998,7.4,0,204961.0
134,4,1991,1.4,1,246221.0
242,6,1992,24.2,1,367083.0
157,4,2012,7.0,1,285961.0
183,5,1975,17.2,1,276573.0
47,1,1971,18.0,1,54623.0
171,5,1997,15.6,1,271839.0
143,4,2011,8.5,1,270467.0
171,5,1993,7.5,1,283216.0
223,6,2020,15.3,0,351749.0
64,2,1973,21.8,1,73097.0
234,6,1995,23.7,0,318490.0
135,4,1992,3.5,0,231827.0
234,6,1982,4.7,0,374496.0
194,6,2009,23.7,0,305142.0
132,4,2004,18.7,1,207242.0
199,6,1961,22.2,0,263018.0
217,6,2000,5.9,1,354841.0
100,3,1980,15.1,1,166592.0
161,5,1961,17.8,1,237309.0
90,3,1986,17.3,0,145154.0
186,5,2016,10.8,1,333950.0
60,2,1968,1.4,1,130593.0
44,1,1960,15.0,1,57884.0
249,6,1970,7.1,1,399270.0
131,4,1962,11.8,1,201853.0
209,6,2011,24.0,1,330586.0
100,3,2021,10.6,0,190073.0
61,2,1982,21.2,1,83255.0
188,5,1985,5.5,0,285644.0
109,3,1963,17.1,1,173453.0
40,1,1977,24.4,0,36062.0
172,5,2014,3.4,0,297953.0
51,1,1965,1.2,1,118015.0
129,4,1994,11.4,1,221283.0
85,2,1981,3.2,0,167866.0
73,2,2002,19.0,1,99140.0
216,6,1974,22.9,1,305261.0
117,3,1981,11.4,0,198747.0
84,2,2019,7.2,1,185136.0
194,6,1996,11.4,0,325307.0
112,3,2011,18.4,1,173031.0
65,2,2001,1.2,1,166923.0
86,2,1971,15.1,0,129879.0
160,5,2006,15.7,1,243122.0
95,3,2008,16.3,0,146993.0
133,4,2001,6.8,1,240800.0
146,4,1997,18.1,1,211422.0
102,3,1977,3.2,1,186921.0
87,2,2004,5.8,0,172922.0
100,3,1994,22.1,0,130561.0
120,3,1989,18.7,0,173482.0
65,2,1983,1.3,0,130968.0
75,2,2001,7.0,1,154552.0
40,1,1989,6.1,1,88573.0
47,1,1973,7.5,1,102457.0
152,4,1965,6.9,1,229602.0
138,4,1962,2.5,1,237051.0
219,6,1975,12.0,1,359089.0
246,6,1966,18.6,1,355768.0
86,2,2011,15.6,1,146968.0
166,5,1973,17.1,0,242634.0
95,3,1968,2.9,0,161892.0
53,2,1974,23.8,1,72256.0
67,2,1980,21.1,0,80152.0
117,3,1994,20.3,0,136435.0
169,5,1961,20.8,1,251380.0
148,4,1986,23.4,1,238978.0
193,6,1961,14.1,1,305353.0
53,2,1994,5.8,0,62917.0
226,6,1977,15.8,0,335106.0
95,3,1973,18.8,1,132626.0
154,4,1979,18.7,1,217614.0
46,1,1977,13.5,1,81886.0
42,1,2023,2.6,1,127405.0
150,4,1969,9.9,1,246737.0
190,5,1984,23.1,1,277333.0
146,4,1961,15.0,0,188583.0
57,2,1984,13.9,1,93181.0
77,2,2020,7.5,1,159013.0
154,4,2013,9.8,1,252595.0
54,2,1992,22.5,1,62519.0
231,6,1995,17.0,1,357479.0
158,5,1990,19.9,0,242342.0
67,2,1973,11.9,1,107113.0
241,6,1960,16.1,0,332096.0
78,2,2005,7.0,1,147422.0
224,6,1975,17.9,0,320539.0
56,2,2013,11.3,0,121795.0
125,4,2005,11.6,1,244479.0
165,5,2020,16.6,1,280465.0
83,2,2011,23.5,1,133103.0
64,2,1962,2.5,0,104338.0
184,5,1994,20.8,1,274897.0
52,1,2000,8.0,0,109507.0
64,2,1965,11.7,1,101086.0
107,3,1984,1.5,1,204138.0
177,5,1972,8.2,1,286833.0
106,3,2012,13.1,0,170452.0
148,4,1993,2.3,1,270030.0
185,5,1967,12.8,0,245501.0
150,4,1980,23.3,1,220459.0
150,4,1993,3.5,0,284198.0
73,2,1963,19.3,1,91309.0
150,4,1984,10.8,0,236806.0
47,1,1974,16.7,1,82308.0
207,6,1963,7.2,1,344548.0
152,4,2004,4.8,1,274159.0
122,3,2019,4.9,0,204632.0
81,2,1971,2.7,1,159577.0
208,6,1991,5.5,1,353505.0
140,4,2023,16.9,1,236299.0
45,1,1991,22.2,0,49096.0
219,6,1987,20.5,1,330077.0
65,2,1972,17.4,1,100433.0
103,3,1990,3.7,0,187212.0
226,6,1973,7.9,0,344337.0
223,6,1979,8.4,1,364423.0
98,3,1977,7.0,0,156282.0
148,4,1988,13.4,0,233104.0
237,6,2019,13.9,1,383737.0
160,5,2022,9.6,1,289164.0
72,2,1965,9.5,0,87788.0
220,6,1991,20.9,1,326948.0
189,5,1988,19.9,0,277252.0
60,2,2002,8.4,0,101827.0
237,6,2021,22.9,0,350931.0
109,3,1961,23.9,1,110570.0
151,4,2019,8.8,0,243379.0
43,1,1982,9.5,0,60657.0
133,4,1978,13.1,1,213683.0
114,3,1990,23.6,1,169034.0
229,6,2010,22.0,0,337748.0
101,3,1964,3.5,1,175655.0
133,4,1978,10.4,0,199687.0
134,4,1993,14.3,1,228690.0
191,5,1969,13.1,1,296766.0
94,3,1984,5.7,1,172261.0
176,5,1961,21.6,0,246091.0
170,5,2021,17.2,0,291883.0
70,2,1970,21.1,0,63277.0
79,2,2009,21.6,0,120144.0
75,2,2020,19.0,0,158177.0
191,5,1990,11.5,1,314010.0
45,1,2015,15.7,1,97753.0
105,3,1974,4.8,1,188109.0
114,3,1968,17.2,1,173763.0
43,1,1982,5.3,1,108504.0
118,3,1978,17.7,1,163726.0
173,5,1968,6.5,0,267706.0
157,4,1994,3.8,1,254113.0
152,4,1980,5.0,1,260071.0
133,4,1968,1.0,1,225848.0
218,6,1987,18.2,1,336646.0
101,3,2021,18.6,0,141779.0
224,6,2005,13.4,0,343456.0
233,6,2010,4.9,1,413917.0
118,3,1966,3.0,0,184971.0
242,6,1975,1.5,1,380493.0
175,5,1975,5.0,1,297146.0
65,2,2019,22.4,1,104910.0
218,6,1992,6.8,1,361977.0
212,6,1963,9.5,0,307285.0
83,2,1963,3.5,0,161172.0
172,5,1998,6.3,1,281261.0
109,3,1999,13.5,1,222248.0
193,6,1976,15.6,1,290447.0
157,4,1996,6.9,0,262080.0
107,3,1998,2.4,0,190439.0
58,2,2019,10.4,1,124038.0
59,2,2011,6.6,0,113130.0
152,4,1988,6.3,1,271342.0
179,5,2011,24.0,0,242079.0
86,2,1995,15.8,1,149891.0
40,1,2019,14.4,1,68273.0
129,4,1997,11.0,1,226536.0
181,5,1998,11.3,0,296253.0
103,3,2009,14.0,1,168651.0
77,2,2022,17.7,1,151559.0
76,2,1996,17.9,1,126588.0
165,5,2011,5.1,1,319479.0
178,5,2022,13.0,1,296431.0
139,4,2021,10.9,1,286674.0
116,3,2023,21.9,1,163379.0
42,1,2020,16.2,0,74661.0
200,6,1994,13.8,0,285567.0
173,5,1966,3.8,0,295889.0
217,6,1986,15.5,1,334121.0
49,1,1987,3.8,1,113108.0
44,1,1981,9.1,1,96186.0
190,5,1973,4.4,0,301672.0
177,5,1966,17.6,0,237950.0
211,6,1996,6.0,1,343145.0
169,5,2020,10.4,1,300511.0
52,1,1981,22.5,0,58906.0
207,6,1964,5.9,1,341486.0
169,5,2021,13.2,0,300084.0
123,4,2014,11.1,0,183158.0
104,3,1961,1.4,1,187200.0
102,3,2021,20.0,0,173835.0
140,4,1986,2.7,1,252463.0
112,3,1980,12.4,0,140987.0
56,2,2013,14.5,0,84167.0
48,1,1997,16.1,0,77937.0
242,6,1974,17.5,1,366088.0
182,5,1980,7.1,1,310374.0
191,5,1969,1.2,1,314429.0
77,2,1982,18.4,0,105912.0
202,6,2017,13.9,0,311210.0
133,4,2015,21.1,1,217952.0
134,4,1998,20.7,1,207655.0
88,3,1964,21.2,1,106450.0
108,3,1960,12.6,0,169093.0
101,3,1972,9.0,1,150715.0
227,6,1980,20.0,1,335807.0
217,6,1985,11.8,0,320807.0
117,3,2009,5.4,1,248404.0
156,4,2004,21.5,0,233782.0
159,5,1980,22.2,1,222255.0
242,6,2012,12.2,1,395365.0
176,5,1977,2.8,1,324493.0
201,6,1996,10.3,1,320975.0
115,3,2004,20.3,0,147014.0
74,2,1991,22.6,1,111486.0
40,1,1995,5.9,0,90055.0
79,2,1976,2.6,0,149574.0
103,3,1994,22.1,1,162830.0
189,5,2008,10.3,1,342684.0
99,3,2019,14.0,1,163277.0
103,3,1970,24.2,0,105482.0
132,4,2022,2.6,1,271653.0
111,3,1980,16.6,1,158833.0
50,1,2011,2.8,0,101175.0
144,4,2023,10.0,0,271162.0
53,2,2014,20.3,0,61732.0
99,3,2012,11.4,0,166976.0
69,2,1985,24.9,1,90457.0
74,2,2021,14.4,1,162266.0
204,6,1963,8.7,1,298605.0
44,1,1993,6.3,1,110079.0
122,3,2011,9.4,0,199384.0
162,5,2007,9.9,1,288879.0
117,3,2019,2.6,1,228395.0
193,6,1977,9.9,1,328893.0
101,3,1999,12.1,0,153734.0
171,5,1994,18.3,1,236492.0
128,4,2000,16.8,0,184630.0
81,2,1988,18.0,0,110138.0
128,4,2011,1.2,1,267586.0
185,5,1988,6.2,0,283639.0
79,2,1997,16.9,1,118635.0
111,3,2001,12.6,1,206088.0
78,2,1980,1.1,1,144678.0
143,4,2001,20.3,0,206183.0
53,2,1972,19.5,0,55928.0
71,2,2008,14.2,0,122506.0
218,6,2000,2.6,1,370514.0
164,5,2023,19.4,0,244185.0
205,6,1976,15.0,0,303596.0
136,4,2015,19.8,0,196830.0
62,2,1968,19.0,0,53876.0
102,3,2000,20.3,1,176053.0
182,5,1960,13.4,1,280277.0
192,5,1961,4.4,0,318891.0
184,5,2019,17.1,1,313038.0
233,6,2007,15.9,1,357754.0
245,6,1988,18.8,1,373421.0
92,3,1992,5.1,1,167320.0
143,4,1969,5.7,1,220882.0
143,4,2009,22.4,1,217609.0
218,6,2017,19.0,0,345480.0
78,2,2023,22.8,1,136105.0
218,6,2019,19.2,1,332686.0
237,6,1999,15.3,0,354783.0
173,5,1980,16.7,0,248038.0
106,3,1987,22.3,1,134083.0
174,5,1970,14.9,1,273330.0
218,6,2014,16.2,1,351212.0
239,6,1993,4.8,1,384724.0
81,2,1967,12.4,1,112399.0
231,6,2018,18.2,1,384024.0
54,2,1981,7.5,1,105274.0
150,4,1967,5.9,1,263849.0
196,6,2008,8.5,1,355336.0
72,2,1974,6.8,1,146679.0
194,6,1976,6.2,0,298804.0
203,6,2019,11.2,1,316935.0
196,6,1982,22.8,1,288986.0
77,2,1983,13.2,0,141475.0
224,6,2004,5.5,1,383200.0
136,4,1978,2.8,1,218804.0
194,6,1964,17.7,0,261032.0
222,6,1991,10.2,1,358927.0
72,2,2003,20.7,1,103814.0
235,6,1960,16.8,1,314662.0
125,4,1982,20.1,0,169251.0
105,3,1996,7.5,1,185865.0
49,1,1967,17.6,1,89931.0
44,1,1972,7.3,0,76069.0
162,5,1967,23.5,1,228991.0
113,3,2016,16.3,1,195989.0
136,4,1982,8.8,0,216354.0
157,4,2002,7.5,1,257202.0
77,2,1960,5.6,1,124062.0
180,5,2004,17.7,0,285285.0
198,6,2010,6.2,0,333891.0
86,2,1983,15.3,0,119800.0
148,4,1994,7.4,0,249856.0
219,6,1983,16.9,1,341152.0
223,6,1976,20.6,1,351594.0
54,2,1964,19.7,0,56175.0
196,6,1979,19.3,0,264499.0
175,5,1980,5.5,0,279348.0
44,1,1999,3.1,1,123888.0
196,6,2017,17.8,0,315711.0
86,2,1990,9.8,1,138019.0
107,3,2005,11.4,1,197104.0
115,3,1995,1.7,0,198364.0
212,6,1970,7.2,1,334126.0
169,5,2011,1.8,1,324729.0
194,6,1974,22.1,1,288104.0
134,4,1978,6.8,1,221558.0
154,4,1966,14.4,0,216766.0
203,6,2010,1.9,0,343228.0
75,2,1987,17.0,1,155890.0
65,2,2010,8.8,0,128959.0
82,2,2002,22.6,0,101751.0
66,2,2017,22.3,0,113279.0
108,3,1964,8.8,0,178672.0
187,5,1964,22.6,1,282842.0
50,1,1989,24.9,0,75186.0
113,3,2013,20.8,1,192768.0
143,4,1991,21.3,1,210709.0
77,2,1967,7.0,1,134828.0
173,5,2023,14.8,0,276693.0
239,6,1969,2.6,1,387520.0
62,2,1997,3.3,0,141884.0
86,2,2006,25.0,1,129175.0
129,4,1991,8.8,1,236659.0
85,2,2007,19.0,1,151427.0
146,4,1987,20.4,1,206116.0
179,5,1976,21.6,1,238512.0
180,5,1990,24.9,0,230802.0
143,4,1967,6.8,1,231590.0
229,6,2023,2.0,1,412991.0
249,6,1999,10.9,0,381949.0
150,4,1984,4.1,1,272532.0
143,4,1968,1.5,1,244122.0
99,3,1961,9.7,1,163058.0
210,6,1974,19.8,1,310287.0
243,6,2009,14.6,1,413242.0
139,4,1962,8.5,0,196730.0
107,3,2008,16.7,1,209041.0
172,5,1995,6.6,0,275447.0
159,5,2021,1.3,1,290656.0
76,2,1963,19.3,0,84836.0
111,3,1973,16.0,0,193257.0
166,5,2000,19.3,1,270504.0
145,4,2000,1.9,1,278899.0
131,4,1984,21.1,0,187715.0
70,2,2017,15.9,1,125293.0
161,5,2014,14.5,0,261509.0
176,5,2021,16.0,0,280653.0
90,3,2022,21.7,1,174543.0
68,2,2009,15.1,1,127380.0
245,6,1969,14.9,0,351004.0
79,2,1980,24.8,0,74582.0
80,2,1995,19.2,0,114776.0
50,1,1971,11.6,0,76078.0
190,5,1986,18.0,1,276237.0
40,1,1999,10.3,1,97984.0
85,2,1961,6.5,0,134666.0
140,4,2013,15.3,1,250650.0
188,5,1972,23.3,1,280557.0
129,4,2012,23.3,0,187583.0
149,4,1991,9.2,1,241649.0
203,6,1990,13.7,1,313372.0
221,6,1975,6.1,0,366447.0
96,3,1991,24.9,0,122348.0
40,1,1991,24.5,1,73187.0
102,3,2019,16.6,1,187913.0
221,6,1993,20.3,0,329580.0
94,3,1970,18.2,0,132859.0
154,4,1969,15.2,1,218633.0
207,6,1974,2.3,1,351883.0
182,5,1976,11.9,1,272970.0
188,5,1999,17.2,1,293994.0
214,6,1977,17.3,0,315730.0
240,6,2014,10.0,1,390209.0
92,3,1968,23.6,1,125511.0
176,5,1984,5.0,1,282878.0
241,6,1999,13.0,0,386098.0
219,6,2018,17.6,1,346374.0
96,3,1973,17.7,1,130146.0
156,4,2019,16.6,1,245757.0
193,6,2017,7.6,1,332730.0
208,6,1984,4.7,0,311636.0
74,2,2009,16.3,1,128163.0
102,3,1981,15.4,1,175336.0
64,2,2011,5.3,1,146074.0
129,4,1989,17.9,1,186961.0
114,3,1979,11.9,1,190305.0
77,2,1980,17.0,0,106589.0
169,5,2003,21.1,1,285037.0
174,5,1991,5.1,0,296405.0
249,6,2010,1.5,0,423518.0
201,6,2005,19.7,0,310115.0
130,4,2008,15.6,1,218106.0
56,2,2015,17.8,1,106617.0
167,5,1980,21.1,1,264618.0
210,6,1994,20.3,1,300104.0
226,6,2017,24.1,1,359660.0
147,4,1991,13.9,0,223114.0
218,6,1989,12.7,1,344092.0
221,6,2014,10.6,0,350652.0
191,5,1998,4.7,0,319423.0
64,2,2008,14.7,1,122421.0
238,6,1971,7.6,0,359503.0
219,6,2000,23.1,0,306290.0
237,6,2006,15.0,1,357745.0
127,4,1977,15.2,1,188944.0
200,6,1980,9.5,1,317057.0
216,6,1972,2.2,1,362395.0
68,2,2021,1.8,1,192752.0
102,3,1980,11.2,1,164708.0
189,5,2021,3.0,0,320241.0
193,6,1967,15.6,1,281215.0
195,6,2005,22.1,1,300982.0
153,4,1999,22.2,1,239489.0
88,3,2005,16.8,1,160697.0
238,6,1966,6.1,0,375359.0
120,3,1982,21.7,0,170551.0
123,4,2003,22.3,1,186288.0
144,4,1991,5.7,0,264938.0
216,6,1970,18.7,1,313997.0
187,5,2023,7.9,0,319921.0
157,4,1981,20.3,1,247992.0
125,4,1981,24.9,1,179563.0
102,3,2002,1.7,0,167008.0
228,6,1984,22.5,0,320126.0
143,4,1981,15.9,1,232586.0
88,3,1987,24.4,1,106175.0
110,3,1988,12.2,1,195408.0
40,1,1972,21.3,0,38539.0
180,5,1977,2.5,1,323163.0
218,6,1961,9.0,1,331680.0
162,5,1988,2.6,0,285230.0
223,6,1980,24.4,1,322395.0
101,3,1974,20.6,0,149574.0
71,2,2011,21.5,0,136880.0
197,6,1986,23.5,0,290782.0
68,2,2009,3.0,0,149560.0
88,3,1990,10.3,0,172216.0
212,6,1974,2.7,1,361880.0
69,2,2010,6.1,0,127457.0
183,5,1982,6.5,0,290967.0
207,6,1983,12.3,0,322794.0
58,2,2003,7.4,1,139098.0
57,2,1972,3.4,1,105638.0
40,1,1981,5.0,1,81928.0
117,3,2002,4.5,1,220268.0
154,4,1996,24.4,1,233130.0
214,6,2020,19.2,0,336893.0
233,6,1992,24.2,1,344830.0
152,4,2015,11.6,1,257102.0
153,4,1962,7.7,1,267341.0
205,6,2022,20.2,0,301438.0
218,6,2013,8.8,1,387353.0
102,3,1978,8.2,0,172203.0
171,5,1982,6.6,1,303614.0
168,5,1988,4.1,1,288186.0
47,1,1989,7.2,0,88300.0
196,6,1998,9.5,1,328641.0
94,3,2003,17.2,0,138144.0
142,4,2006,2.5,1,272049.0
170,5,1984,6.1,1,308219.0
71,2,2023,20.4,0,97697.0
49,1,1996,4.5,0,95898.0
241,6,2006,9.2,1,391852.0
149,4,1967,21.8,0,192187.0
201,6,2001,4.7,0,332678.0
163,5,2017,3.0,0,300504.0
126,4,1975,12.6,1,201832.0
94,3,1967,8.3,1,163189.0
71,2,1960,14.5,0,94977.0
217,6,2003,20.3,0,323517.0
174,5,1964,4.3,0,281111.0
132,4,1962,14.9,0,180390.0
47,1,1960,13.1,1,92426.0
104,3,1963,4.5,1,212155.0
96,3,1999,16.0,0,155935.0
106,3,1994,7.6,0,183217.0
226,6,1991,12.7,0,353325.0
111,3,2023,3.0,1,218651.0
93,3,2001,12.0,1,171186.0
106,3,1993,8.4,1,184136.0
90,3,2002,20.7,0,134477.0
136,4,1984,2.4,0,223765.0
131,4,1969,11.0,0,190146.0
47,1,1980,12.0,0,50030.0
201,6,2023,18.4,1,314221.0
74,2,2005,14.8,1,140301.0
135,4,1998,17.0,1,207341.0
127,4,1986,19.6,1,204742.0
117,3,1986,21.7,0,145421.0
71,2,1961,8.5,1,126207.0
159,5,2000,13.9,0,238576.0
85,2,2007,21.2,0,127419.0
183,5,1972,24.7,1,236415.0
235,6,1968,22.3,0,315991.0
204,6,2011,9.9,1,336657.0
221,6,1995,5.7,0,368889.0
181,5,1981,12.7,1,292784.0
94,3,2001,18.8,1,138811.0
215,6,1985,12.8,0,323008.0
249,6,2017,12.6,1,401941.0
46,1,2013,21.1,0,79409.0
113,3,1971,9.7,1,202174.0
46,1,1976,21.6,1,42213.0
200,6,1973,10.8,1,325812.0
190,5,1973,8.9,1,295726.0
124,4,2016,11.9,0,206826.0
186,5,1993,19.3,1,285940.0
151,4,2012,4.0,1,304439.0
164,5,2016,5.7,1,288269.0
186,5,1979,23.8,0,260830.0
75,2,1970,5.2,1,126412.0
68,2,1975,14.6,1,94549.0
227,6,2010,14.9,0,353583.0
121,3,1990,12.8,1,202883.0
41,1,2014,16.5,0,38727.0
168,5,1965,6.5,1,287626.0
86,2,2015,14.3,1,135671.0
236,6,1978,9.9,1,373218.0
187,5,1996,16.9,1,310831.0
50,1,2017,4.4,1,159737.0
169,5,1963,14.7,0,234191.0
234,6,2006,5.4,0,367788.0
158,5,2020,7.7,1,304268.0
179,5,1963,6.2,0,285059.0
59,2,1979,5.4,0,100562.0
44,1,1969,20.8,1,46968.0
76,2,1983,7.9,0,119549.0
205,6,2013,23.3,0,297038.0
176,5,1994,24.3,1,262497.0
92,3,1985,14.7,0,129432.0
211,6,1996,4.4,1,356745.0
138,4,1997,10.0,1,246922.0
125,4,1980,20.1,1,166347.0
147,4,2013,9.8,0,243245.0
63,2,1999,3.1,1,125068.0
120,3,1998,14.4,1,203194.0
241,6,1980,21.3,1,332020.0
197,6,1969,20.1,0,281325.0
159,5,1997,5.2,1,266917.0
98,3,2005,17.1,1,144863.0
167,5,1963,6.3,1,267206.0
248,6,2019,6.2,1,447341.0
153,4,2016,22.0,1,251690.0
154,4,2004,7.0,1,251852.0
248,6,1979,7.3,0,368988.0
53,2,1976,1.0,1,116814.0
48,1,2014,21.9,0,96520.0
79,2,1966,20.0,1,95777.0
233,6,1963,16.1,0,319990.0
64,2,1988,19.0,1,118613.0
142,4,1973,4.6,0,231516.0
240,6,1962,12.0,1,378837.0
61,2,1983,9.4,1,108002.0
43,1,1996,3.3,0,96754.0
193,6,1975,12.7,0,302620.0
225,6,2017,23.1,0,332218.0
68,2,2014,2.0,1,177973.0
148,4,2011,8.0,1,272260.0
137,4,1963,6.0,1,214872.0
76,2,2015,6.7,0,150015.0
114,3,2021,22.8,1,197371.0
109,3,1983,12.2,1,189749.0
185,5,1993,12.2,1,301339.0
167,5,1989,19.3,1,232065.0
124,4,1977,4.7,0,182879.0
81,2,1978,12.7,0,101564.0
139,4,1990,11.3,0,212076.0
80,2,2019,15.3,0,132560.0
205,6,2019,25.0,0,282722.0
73,2,1978,19.5,0,103903.0
56,2,2008,10.5,0,91263.0
204,6,2022,20.9,1,309600.0
192,5,2005,5.1,1,338316.0
161,5,1978,1.7,1,294659.0
115,3,1981,5.9,1,229991.0
126,4,1983,9.2,0,206866.0
156,4,2004,13.3,1,281223.0
145,4,1971,15.8,0,190148.0
125,4,1989,22.9,1,208681.0
66,2,2017,13.2,0,97771.0
96,3,1997,13.0,1,162577.0
70,2,2012,2.2,0,157413.0
173,5,1990,1.8,0,273643.0
207,6,1995,14.2,1,319806.0
137,4,2023,11.5,0,221478.0
51,1,1978,21.1,1,65727.0
92,3,2007,4.9,1,206118.0
238,6,2004,1.6,1,414604.0
177,5,1995,11.8,1,286501.0
212,6,1989,6.7,1,319039.0
184,5,2014,2.2,0,328524.0
193,6,2008,18.4,1,316804.0
229,6,2014,3.7,1,381304.0
161,5,1992,15.6,1,255897.0
85,2,1977,7.7,0,140653.0
103,3,2022,5.2,1,225365.0
169,5,2011,10.1,1,285118.0
93,3,2008,20.2,1,142209.0
146,4,2018,10.4,1,257296.0
232,6,1987,19.0,0,352067.0
90,3,2018,4.0,0,192297.0
220,6,2006,19.5,1,343478.0
75,2,1970,6.7,1,149021.0
154,4,2016,17.3,1,228032.0
65,2,2019,14.6,0,125953.0
68,2,2013,23.3,1,97126.0
188,5,2004,10.3,1,338865.0
50,1,1992,2.6,1,109959.0
79,2,1976,1.5,1,149218.0
50,1,1965,20.8,0,52638.0
203,6,1963,13.6,1,315223.0
152,4,1979,19.6,0,205029.0
226,6,2007,6.6,1,390091.0
78,2,2006,9.3,0,147340.0
93,3,1986,1.7,1,190511.0
137,4,1974,24.1,0,168856.0
94,3,1965,17.0,1,142490.0
150,4,2006,23.4,1,245984.0
191,5,1973,7.4,1,296164.0
189,5,2019,15.7,0,289631.0
108,3,1970,17.3,0,145117.0
95,3,1998,8.6,0,151072.0
72,2,1968,21.4,1,72773.0
75,2,1985,23.7,0,101288.0
187,5,1975,22.2,1,242163.0
120,3,1964,18.7,1,165727.0
229,6,2016,7.7,1,402059.0
148,4,2011,7.8,1,271403.0
240,6,2020,24.1,1,366051.0
193,6,1969,1.2,0,298614.0
233,6,2009,18.2,1,372563.0
112,3,1962,17.9,1,147464.0
240,6,1972,15.9,0,350530.0
79,2,2002,24.8,1,118484.0
56,2,2008,8.5,1,128400.0
168,5,1989,9.2,1,273818.0
100,3,2021,2.9,0,223784.0
210,6,2013,11.6,1,357031.0
143,4,2004,7.3,0,239393.0
81,2,1965,9.2,0,124568.0
64,2,1976,21.0,1,78732.0
78,2,2018,23.5,1,123535.0
74,2,2004,5.5,1,187459.0
170,5,2010,9.9,0,270941.0
147,4,2012,23.3,1,227549.0
211,6,1978,2.5,1,350618.0
218,6,2001,3.2,0,351083.0
141,4,1994,4.9,1,259686.0
137,4,2005,15.3,0,214725.0
51,1,1985,4.6,1,125904.0
58,2,2010,24.2,1,101142.0
140,4,1964,11.7,0,213906.0
83,2,1988,13.0,0,117690.0
226,6,2023,6.9,0,387192.0
88,3,1996,12.3,0,150826.0
228,6,1979,16.9,1,333932.0
56,2,2008,19.0,1,96406.0
113,3,1980,19.1,0,136295.0
96,3,1969,14.9,0,140262.0
94,3,2023,22.7,1,165019.0
86,2,1964,20.6,1,132020.0
51,1,1995,19.2,0,66832.0
101,3,1965,2.3,0,174081.0
119,3,1985,1.2,1,237440.0
122,3,1963,6.1,0,180506.0
47,1,2021,16.9,0,73917.0
188,5,1998,10.9,1,303954.0
120,3,1998,10.7,1,206964.0
157,4,2009,22.2,1,233878.0
247,6,1994,22.5,1,361508.0
237,6,1960,22.8,1,344020.0
239,6,1983,8.5,0,369811.0
64,2,2016,17.6,0,109317.0
249,6,1995,7.5,0,389093.0
128,4,1965,5.6,0,193667.0
51,1,2000,5.4,1,125349.0
182,5,2013,9.2,1,318286.0
98,3,2005,11.3,1,190038.0
193,6,2019,20.9,1,323162.0
148,4,2003,3.9,0,249810.0
65,2,2019,18.6,0,116639.0
86,2,2016,13.8,1,150255.0
71,2,1990,7.9,1,164609.0
49,1,1979,12.8,1,78395.0
55,2,1983,8.2,1,119091.0
238,6,1984,15.3,1,355088.0
184,5,1995,11.4,1,301644.0
190,5,1980,4.9,0,323184.0
65,2,1989,3.8,1,130593.0
125,4,1983,14.1,1,227448.0
174,5,2003,22.7,0,250092.0
53,2,2001,9.3,1,127671.0
118,3,1989,18.6,0,172755.0
156,4,1981,16.8,1,245065.0
46,1,1987,23.4,0,29693.0
176,5,1966,20.7,1,245167.0
154,4,1994,14.6,0,249255.0
215,6,2014,16.8,1,343846.0
111,3,1987,22.6,0,147963.0
98,3,1973,10.6,0,129760.0
121,3,2015,8.8,1,220941.0
155,4,1969,1.3,1,283228.0
206,6,1975,20.8,0,270515.0
185,5,1975,20.2,0,264546.0
226,6,2013,3.5,1,399166.0
142,4,1990,14.8,1,226057.0
56,2,2001,12.1,1,109902.0
53,2,1984,3.8,0,98385.0
198,6,1972,24.5,1,273042.0
191,5,1965,6.2,0,305275.0
147,4,2003,2.6,0,254581.0
227,6,1968,15.3,1,363800.0
84,2,2004,18.7,1,144162.0
137,4,1995,1.8,1,250138.0
170,5,2015,16.8,0,277657.0
76,2,2002,13.8,1,147249.0
210,6,1979,3.5,1,332854.0
207,6,1977,5.1,1,330435.0
222,6,2017,14.6,0,349236.0
147,4,2002,8.1,0,226415.0
78,2,2016,23.5,0,136887.0
54,2,1980,20.6,1,86242.0
159,5,1963,24.6,0,198626.0
43,1,2009,7.2,1,106707.0
132,4,1992,24.3,0,169321.0
192,5,1986,11.3,1,286658.0
180,5,1966,9.3,0,249454.0
249,6,1965,2.2,1,428792.0
200,6,2022,2.3,1,385417.0
55,2,1974,17.6,0,59970.0
209,6,1977,12.0,1,339620.0
147,4,1991,6.4,1,264086.0
165,5,2015,15.7,1,283653.0
233,6,1970,7.1,1,355726.0
94,3,1979,14.9,0,113544.0
209,6,1983,9.6,0,337439.0
73,2,1974,20.8,0,62235.0
197,6,2007,20.7,0,290180.0
52,1,1966,12.5,0,66047.0
180,5,1980,9.4,0,272929.0
57,2,2001,9.7,1,124620.0
199,6,1985,20.3,1,289526.0
135,4,2003,8.9,0,230858.0
162,5,2015,6.0,0,282650.0
78,2,2023,3.0,1,207403.0
85,2,1973,12.2,0,108174.0
68,2,2016,12.6,0,124523.0
229,6,1996,21.2,0,337322.0
101,3,2017,6.3,1,201849.0
224,6,1980,10.1,1,341596.0
55,2,1977,20.4,0,76781.0
223,6,1964,20.8,1,324026.0
160,5,1962,10.2,1,235421.0
49,1,1982,12.0,1,96917.0
197,6,1985,8.3,1,345222.0
192,5,1996,23.4,1,285711.0
142,4,1983,3.8,0,237155.0
123,4,2008,23.4,0,193591.0
172,5,1978,17.4,1,248623.0
104,3,2010,13.8,1,207336.0
216,6,1984,1.8,1,380615.0
42,1,1980,12.4,1,67874.0
212,6,2023,10.8,1,355816.0
181,5,1971,4.9,0,279629.0
159,5,2016,16.8,1,243213.0
197,6,2020,24.3,1,308857.0
107,3,2000,14.5,1,172721.0
185,5,1992,18.2,1,289873.0
229,6,2009,2.6,1,385802.0
76,2,2012,11.0,0,148716.0
192,5,1963,3.8,1,324170.0
215,6,2022,15.7,0,331962.0
232,6,2001,23.5,1,353107.0
220,6,2016,16.9,1,357388.0
246,6,1966,2.8,0,403279.0
112,3,1981,9.5,1,179430.0
182,5,2014,14.2,1,303033.0
88,3,1992,10.7,1,151819.0
160,5,1976,21.0,0,217619.0
127,4,1983,20.6,1,194319.0
235,6,2020,15.7,1,376468.0
179,5,2020,10.0,1,310223.0
226,6,1993,7.1,0,372572.0
76,2,1987,3.5,1,172635.0
100,3,2017,9.5,1,201328.0
210,6,2002,10.9,0,331254.0
163,5,2000,17.2,0,242653.0
237,6,1998,16.8,0,362888.0
78,2,1981,2.7,1,160627.0
223,6,2008,10.5,1,352297.0
102,3,1976,5.4,1,191062.0
85,2,1993,4.8,0,145064.0
127,4,1965,20.9,1,159359.0
50,1,2005,2.0,0,96965.0
101,3,1965,11.1,0,144256.0
116,3,1993,5.0,1,204009.0
192,5,1960,22.1,0,224824.0
238,6,1969,14.4,1,357176.0
91,3,1980,6.6,0,146230.0
43,1,1964,13.1,1,67456.0
98,3,1961,18.6,1,128664.0
111,3,1981,24.0,1,176065.0
187,5,2007,6.3,0,319181.0
132,4,2016,22.3,0,189934.0
102,3,1961,23.4,1,129278.0
93,3,1969,23.0,0,124390.0
156,4,1993,16.2,1,259655.0
149,4,1975,16.1,1,210456.0
113,3,2007,10.7,0,179316.0
146,4,2010,19.1,0,211974.0
96,3,2020,13.8,1,175346.0
208,6,1998,17.3,1,319509.0
42,1,1981,11.3,1,82801.0
159,5,1971,18.6,1,242539.0
45,1,1983,20.8,1,75164.0
44,1,2006,4.5,0,98392.0
44,1,1999,21.0,1,52308.0
93,3,1997,14.0,1,149297.0
86,2,2019,21.3,0,124983.0
216,6,2018,11.4,0,335481.0
48,1,1969,10.1,0,85848.0
138,4,1994,23.0,0,175842.0
59,2,2023,7.0,1,151135.0
161,5,2010,21.3,0,218165.0
100,3,2022,12.6,0,183545.0
162,5,2008,13.3,0,256783.0
202,6,2023,8.4,1,372942.0
217,6,1991,14.8,1,328639.0
121,3,1966,8.8,1,191318.0
101,3,1980,1.9,0,174199.0
184,5,1979,7.5,1,301750.0
42,1,1985,1.2,1,105965.0
199,6,2022,24.5,0,290579.0
52,1,1963,24.2,0,35238.0
159,5,2005,10.5,0,234437.0
164,5,2011,18.5,0,262318.0
128,4,1981,9.3,1,250685.0
112,3,1974,17.1,1,172214.0
107,3,2015,20.3,1,164045.0
181,5,1999,23.7,1,258180.0
140,4,1980,10.6,1,237845.0
137,4,1974,19.8,1,204028.0
50,1,1981,7.4,1,100733.0
144,4,2011,24.8,0,213721.0
223,6,1987,1.6,0,341887.0
106,3,1973,15.5,1,172137.0
162,5,1986,16.8,0,239383.0
68,2,2020,17.5,0,102266.0
176,5,2000,3.9,1,296077.0
234,6,1999,23.5,1,352044.0
192,5,2017,5.3,1,360716.0
115,3,1987,15.9,1,181098.0
209,6,1985,6.3,1,337407.0
48,1,2008,8.4,1,117162.0
246,6,2022,14.1,1,427763.0
79,2,1961,11.0,1,131744.0
64,2,1984,4.8,1,139759.0
44,1,2015,5.1,1,135917.0
178,5,2021,11.0,1,316682.0
226,6,1962,19.2,1,317891.0
163,5,1967,22.6,0,191387.0
246,6,2003,3.0,0,396193.0
77,2,1992,10.4,0,115357.0
111,3,2001,3.4,1,225497.0
172,5,2011,1.4,0,314685.0
215,6,1994,16.9,0,322804.0
129,4,1965,15.5,1,177629.0
185,5,1998,4.9,0,329458.0
237,6,2011,6.6,1,399577.0
76,2,1982,1.6,0,150519.0
99,3,1984,21.0,1,145895.0
215,6,2018,24.4,1,333823.0
244,6,2009,4.3,1,426591.0
67,2,2002,6.6,1,135959.0
236,6,1978,21.8,1,360860.0
244,6,1964,23.2,0,311358.0
120,3,2010,11.1,0,189860.0
153,4,1970,2.2,0,265472.0
79,2,2015,1.9,1,188717.0
84,2,1971,14.8,1,161148.0
101,3,1969,10.4,1,166646.0
132,4,1967,1.7,0,238386.0
154,4,1983,15.0,1,220015.0
225,6,2019,1.3,1,387760.0
106,3,1987,19.9,1,171204.0
95,3,2000,8.4,1,159730.0
79,2,1995,2.0,0,152216.0
137,4,1996,15.1,1,238305.0
79,2,1980,10.5,1,145153.0
130,4,1967,24.4,0,158405.0
244,6,2014,14.1,0,377859.0
72,2,1968,7.6,1,131212.0
45,1,2006,18.0,1,91961.0
186,5,1974,7.5,1,295680.0
119,3,2007,22.7,0,174406.0
207,6,2005,10.0,1,360458.0
131,4,1999,14.2,1,216738.0
136,4,1977,2.2,1,244483.0
98,3,2001,11.2,1,184338.0
98,3,2019,21.0,0,156574.0
87,2,1979,20.3,1,136603.0
208,6,1965,6.4,0,306868.0
52,1,1971,6.4,1,97188.0
146,4,1961,20.6,1,197159.0
84,2,1966,23.3,1,95429.0
128,4,1975,3.3,1,206197.0
220,6,1962,11.8,1,297643.0
209,6,2004,9.1,1,366498.0
139,4,1962,21.9,1,171312.0
230,6,1986,3.0,1,406887.0
194,6,2009,6.1,1,349105.0
205,6,2002,19.1,1,315184.0
227,6,1999,2.2,0,385719.0
46,1,1997,12.8,1,99249.0
172,5,1992,11.6,0,254952.0
84,2,1987,9.0,1,154456.0
97,3,1960,10.5,0,127568.0
70,2,2014,13.7,1,145953.0
62,2,2023,4.9,1,145035.0
209,6,1967,14.7,1,314721.0
177,5,1996,20.3,1,269596.0
199,6,1991,19.2,0,290449.0
146,4,2019,4.7,0,282617.0
220,6,2007,4.6,0,363854.0
197,6,2002,7.4,1,351725.0
78,2,1996,9.7,1,155195.0
198,6,1963,10.8,1,323813.0
121,3,1989,17.3,0,171557.0
139,4,1965,2.4,0,233953.0
41,1,2005,1.8,1,118208.0
245,6,2013,10.4,1,372413.0
116,3,1978,17.7,1,162392.0
51,1,1991,5.6,1,122982.0
78,2,1968,16.4,1,122005.0
233,6,1971,7.2,0,342471.0
52,1,1970,22.3,1,65979.0
85,2,2005,22.5,1,139298.0
194,6,2014,8.1,0,322647.0
152,4,1975,6.5,1,264446.0
56,2,1960,10.9,0,83932.0
143,4,2022,6.8,1,269346.0
137,4,2004,17.1,0,202927.0
227,6,2014,20.8,1,368347.0
231,6,2012,17.2,0,360372.0
